link,name
https://drive.google.com/uc?id=1XF5o3QpI0jbZviRC04rtUOrO7GgSKQZy,ppbnec
https://drive.google.com/uc?id=1rWUbVHz-vvmmz7Pg0ZuSI71612JubpQb,podnpb
https://drive.google.com/uc?id=1yCdtcZCmU-IJ0bdMxjCYWjCa-8ytRAAg,plpifo
https://drive.google.com/uc?id=1XAW9blpQDrRPc9diIu3Cb3kLgxK0YVB2,plkdgj
https://drive.google.com/uc?id=1HEJtBST2Bo62DJhHmOXoh65o_lAnEiOI,pigpbc
https://drive.google.com/uc?id=1jkWkvb5CxrhLSspOivUWVjZYFciAXWJw,pgkoim
https://drive.google.com/uc?id=1Bu-KULUoJRkkXRdrXZRqfVe1a7FNzfc3,pgkikd
https://drive.google.com/uc?id=1_IzOxdotiQEPBrG-aI1Z8wbI9qzjBnAO,pgjdaf
https://drive.google.com/uc?id=1WmUgGiyXQpF_qysFIRnXhk9BUB38wXuh,pfknjd
https://drive.google.com/uc?id=1zA-LgLjHDaJYBLUJMIg6rH6Q8bI2Y7fh,pehnbe
https://drive.google.com/uc?id=1D3RNrr_PQfsm97ulxAOgFC18s96N6egW,pdfjaj
https://drive.google.com/uc?id=1L9HX74t3q-uTmIaXJUJJL4M6s5Yxdv2h,pdckib
https://drive.google.com/uc?id=1_e7JzHIPKJLKvNioLNWJLPtOfe_fGbDw,pbhoaj
https://drive.google.com/uc?id=1_R2Yo6eDd3W978K1LSSLkJsm7slEtP8v,oppmce
https://drive.google.com/uc?id=1GkqSCOFdS7ik0gKrpzUS51GekNCK3oP2,oolkdg
https://drive.google.com/uc?id=1zFbkvnnOxN5NhwCFwvgaIG5t7-ObmRLF,ononpo
https://drive.google.com/uc?id=1YujPZ5ZTOL5dTQzFiOUuYieVo9eypVqm,ompkkj
https://drive.google.com/uc?id=17vNMgkN2f-MzLiru5e7wwjOlfpI2CO7t,olimbl
https://drive.google.com/uc?id=1IGytBjZDBHLAsciStJcyHhkNSkA_51_y,okpnoi
https://drive.google.com/uc?id=14_PtK5VPYnn9BExWc2bihgBrJg2ECPIu,oeodhd
https://drive.google.com/uc?id=1sx0Dm2ndY3UiPr7dTdgGO4tB8Nqs78De,odjpag
https://drive.google.com/uc?id=1ikMbdATthlLFrDFGyGC37puk9LK-8OdB,ocpjkk
https://drive.google.com/uc?id=1SmG_JJA5PR5wX1p0-3YyIFf6_dAZgo1W,obpboo
https://drive.google.com/uc?id=1MlTKsSMYv0t5g2xbFehItzGZSfrbpNFI,oabggf
https://drive.google.com/uc?id=1S7vizFvHL7PjhiVu2dcKTl15Wg0nzY-Y,nomkmj
https://drive.google.com/uc?id=1xIUEipiLMGKy-pmwwXI3DTgHdCFOzOnf,nmgbim
https://drive.google.com/uc?id=1tlSoHOb8B2SPr9K3TvUkNjEfnLgHNCpi,nlhadc
https://drive.google.com/uc?id=1fDdNBjE1qWa8Y5Q_k37UmonOFvyq74YO,nkghog
https://drive.google.com/uc?id=1iLJ-JxDGfyF5ITUDncc-QdqjcsNizUgu,nioffc
https://drive.google.com/uc?id=1V587sa9M4SVxXlv3IMwIVrub5FBCu-G6,ncggij
https://drive.google.com/uc?id=12tcgzKoo2TLfRwirE2pJfooRDJWDuNGu,nbnfni
https://drive.google.com/uc?id=1B-cU6lSQkhTfFaokJnraQsQWPCCOLIW8,nbkklg
https://drive.google.com/uc?id=1uDB32_IZLdBnrWTqhfIootIfOZBFO18g,mpghnl
https://drive.google.com/uc?id=1U5SxIUKOkDjBE3fAn7liHI1wz9td7Bp1,monpec
https://drive.google.com/uc?id=17gtS3DLzoSYnhu00haP81NK-D7dk1ozp,mmgink
https://drive.google.com/uc?id=178j_IFdnYidTe-FQJysleEC_q17zeAfW,mmceej
https://drive.google.com/uc?id=1DwuMf0Gauhi0rpXpGdUVNu4stMOhxuoD,mkdfhf
https://drive.google.com/uc?id=1DYd5cqL54grC5US8rluDbT6Tr03sEit1,mjiplc
https://drive.google.com/uc?id=1zGNOb2pN2AWbvVXCpdGPyJGTJO6swqss,micbeh
https://drive.google.com/uc?id=1lJ15a9sk8yM6v5uWKkJMo5Ev4ifU2zB6,mgacoh
https://drive.google.com/uc?id=1vs30qp-F7aIS-gostXpyFjzuFwPTSn6Y,mfknhk
https://drive.google.com/uc?id=1UNvcpAx_trrJhGjzDd85wUC4M-NnUjuq,mfkmki
https://drive.google.com/uc?id=13VrwFFeHL6bOSpHvNiTd2KYF9MVOEesY,mepelk
https://drive.google.com/uc?id=1MpZDOp1XpARzvTsJIeq3192V7M01E0u2,mehbfo
https://drive.google.com/uc?id=1eP_73VmEJIH0EtDOXzh99PR55H2MPIK5,megjhm
https://drive.google.com/uc?id=1Xym-ea8e9gZONCOvkquQ-r_iTnlZTnhQ,mccglk
https://drive.google.com/uc?id=1HuA4V_Hl8XQTNx1buNAqccVds7Kzv_co,mamogh
https://drive.google.com/uc?id=1oNJcNLpPaTTka9T8XHavJVp4ZXE3482n,makmen
https://drive.google.com/uc?id=13nTxerp23fUR0hViyXwmdpLia8U19H71,mahpao
https://drive.google.com/uc?id=1T2lpXUSfDHO-6kDoI1sJ_XowJHjpI_w3,lpefob
https://drive.google.com/uc?id=1cqcKaVFIilfSqaajsSUTOnm_gXkV3psF,lnfjle
https://drive.google.com/uc?id=1fdGYyfmns7EnCc8DrpHNKxlQhsdd8DaW,lmmocc
https://drive.google.com/uc?id=1IVrWc7ZSf5SbtswmjSu6yl4Edh3MnZqW,lmaagh
https://drive.google.com/uc?id=1TqeNmU8hyXAwl_nkHZcO16i65CObOhe_,lklecm
https://drive.google.com/uc?id=14Jd80eEpmNnEmIaSFd7O7Pl1qjmrNnWx,ljnfcl
https://drive.google.com/uc?id=1wM9u3AGBc-keDJlUVnHLquFf5Pvcp6je,lifmok
https://drive.google.com/uc?id=1TMQ7qdTpJEzWZXJW6vThdi19LkIOS4AS,lidllk
https://drive.google.com/uc?id=1hQqbnb7oPxgNxtstQiMvI_lO1DsB7Fo2,lghdol
https://drive.google.com/uc?id=1fRjbQrAPTu925tyv6aMMq9q3XSeaqlBW,lgcfge
https://drive.google.com/uc?id=14sOKdEDdaV44c5072ql_5NcCFDWrayhh,kplobe
https://drive.google.com/uc?id=17vVlFTlSp68K_gmKagpl9kWdylLLTVrp,kpfhdn
https://drive.google.com/uc?id=1vAP2mkUigTAc18l4FVOIUQCe1ObzoKC2,koniaa
https://drive.google.com/uc?id=1E1QSFAv-OTzkbXE9SiR9nIbIqhVZIU26,koadej
https://drive.google.com/uc?id=1882Y3P07VuaNVjTUF0pGAc51-CpSyZFp,kngbjc
https://drive.google.com/uc?id=1kZi9l8cxIdUI_eG11RmfuMFa-qpgRb8d,klnihk
https://drive.google.com/uc?id=1VSSiqBX6Ycm4EoKTmRxtJcD5oB-hY04C,kljjdg
https://drive.google.com/uc?id=1JF1z2T93WzhepF3JvzYvgI9Ev2nn6T8y,kklmef
https://drive.google.com/uc?id=1buAmV2M41d6ILt0kQN4AEwUM8K2iLOBX,khmefp
https://drive.google.com/uc?id=1mPkIa9hGLPb9cvZhtWxE__B1iMD6qlrw,kgknde
https://drive.google.com/uc?id=1OD38aHV5uchQVD2lE35QNw7CglGaU2ZC,kgjmon
https://drive.google.com/uc?id=1fIFu9Xj_orjwDAYxDIPMGwaGxKQITAkA,kdfefm
https://drive.google.com/uc?id=1B1JHj150B5rOIJ2fVmUAGD1glt8HpmOd,kbfkje
https://drive.google.com/uc?id=1d1VxWLsrD_EfRx9f0rR2B-PcWhu9A3ev,kbfhba
https://drive.google.com/uc?id=1P3yndWNb-sAeg8Xnmmbgv65cjp8tjqPf,jnpgao
https://drive.google.com/uc?id=1DF4fpEqOCIEIKPAQOdAPcio-0DnC8nNE,jleoci
https://drive.google.com/uc?id=1qiOA9AE9Aiy5w7NBjPyS1UmvEMtGAICZ,jleknp
https://drive.google.com/uc?id=1_KUJ9JJJa_fUrEqqenkyeMV57EJLvnMv,jkaocl
https://drive.google.com/uc?id=1HCJYXcU87sSpHheI31Mp0ZUkO7hrufF0,jionij
https://drive.google.com/uc?id=1cQFCTzaiVWHgLNCd8dtW79hvG_mKGuED,jikcbf
https://drive.google.com/uc?id=12Qszxkbu-Ko4Tl4wPtSDLeGm87r_uWDM,jhmnpd
https://drive.google.com/uc?id=1j_T2CjtuvkNJMV-j5Yv95pYH7QAhXDxu,jhidkh
https://drive.google.com/uc?id=13IPmTinsvv1ZYx8zq2pIgIQHQeiBEysE,jhfdbd
https://drive.google.com/uc?id=1FTN8ynSfXFEBbWbslGlXZAFBas_l6hbi,jeblae
https://drive.google.com/uc?id=1Q6xVsWYmYR5eo_sW13_-0rYK52OvDe7R,jckejb
https://drive.google.com/uc?id=1-cFDePekieSxL4mmgJkC4E_bhd0ayjW5,jbfaol
https://drive.google.com/uc?id=1boKMNX9tvJx_2OJLm9CmRLGPfCt8Ivn-,japnpk
https://drive.google.com/uc?id=1hHeQrrOi3m2Izr0QEqKk9BqgJbPzbEAV,iohdkl
https://drive.google.com/uc?id=1dIQwxLKIOi3jw80qkX2oBZzKGHXLAHIS,imehkg
https://drive.google.com/uc?id=1mK9qP3SOBFhdeqdbKWAlkHYgDKzSNkqG,ilpmhb
https://drive.google.com/uc?id=1lQOj2TQk2BFiSBM5ovOuw3mZvH6nVyao,iiabgi
https://drive.google.com/uc?id=18ytYILKQvnLbS2lxV5xsiF8CyWhf8dwR,ifkecd
https://drive.google.com/uc?id=1edGdqnRIJjFbZI_WB3v1wWSifl3Fd3FG,ifhpdl
https://drive.google.com/uc?id=1LtTxn9RHHSvsjuzJmXBQWe-7X-Yt8OfF,iailpc
https://drive.google.com/uc?id=1bmLreXWg6jewG-xv97-RjCR02wxTxmaL,hplbid
https://drive.google.com/uc?id=1AwbTW8p5tHfJc7ZWMbWPY7TFudFD3P-l,hoildf
https://drive.google.com/uc?id=1Sqjz0XVRo287zQ1wxcjDbkcfFTC96Opg,hoiija
https://drive.google.com/uc?id=18zbzS6V2xfTEl5Gm0I-HEC06Pa07kigR,hkpoja
https://drive.google.com/uc?id=1OITVdPS2_86ox4KmwgVhgP-2UYHfDrnB,hkippg
https://drive.google.com/uc?id=1m9y54cIrc-_21FV4Fq_QGbTbRHsxPRme,hjbhkm
https://drive.google.com/uc?id=1wSYriVF5CUQefhMdlgVk0QXqkWdUNY51,helfln
https://drive.google.com/uc?id=1QqorlEShUKDg93Sttf3VJt86KDXV0mds,heefji
https://drive.google.com/uc?id=1tEzABMoB-ehVq7nv-IOAgkDYVsuPjC6m,hecbie
https://drive.google.com/uc?id=1Iw7SQW8X_XTA730yrIjk0uPYJyFBfiyd,hdfinc
https://drive.google.com/uc?id=1pRVSlo2B_YNfgjreGsriOaf1wmBEG0-m,hbpcpl
https://drive.google.com/uc?id=1tp0klGbniQUGkVp-dTe-dD8Hxku_000R,gphoma
https://drive.google.com/uc?id=1_D_VkE8Y2OdWGV8kii8uNdpIZw9k9aVN,glcahj
https://drive.google.com/uc?id=1Jq_jJzL1_NphLAroomf3vEST8ymEGeoO,gkeine
https://drive.google.com/uc?id=1Jsxr__7md0KsoWMc0QWzG8sFniTPYL2K,gifnfd
https://drive.google.com/uc?id=1vfUtv3sEA8jPfNzb0J909FclK85qGeaG,ghmomk
https://drive.google.com/uc?id=1GulZfV9_e0TyYA1ffmD6z3rD5E3FPXd_,gfhldf
https://drive.google.com/uc?id=1GaID8gkVtmr64_6rPXnc8zCxPWiERdbk,gelgjn
https://drive.google.com/uc?id=1Yv2cLxuGiZv5FjldLiAk5hwR3uzsUWBH,gdkedd
https://drive.google.com/uc?id=1OK3ZrWpj8ekIEPgy8CSNrA2VnoLwsCDi,gdflpo
https://drive.google.com/uc?id=1EGRRhWLz4YPA57NfrNwvOc81cT0-Sg69,gcfbai
https://drive.google.com/uc?id=1pE-2zf3PYjv9f1c27PE3xGn1bu7vdZmq,fpgmkg
https://drive.google.com/uc?id=1suZk58cjYUh1YSe5TSqyU1eqtz53VMKb,fnffbd
https://drive.google.com/uc?id=1lOjEmmr_zG0mbiNx_k7YPQqJzWbktxqA,fmigjg
https://drive.google.com/uc?id=1lmzzMSeG6nbh0JExGDFY8fp6C0ylqELN,fmfcjn
https://drive.google.com/uc?id=1gkgPH97XK52YsktZK3k_Q0B0R0zyfG2q,fmdnmh
https://drive.google.com/uc?id=1p_wCO67WJ5n7nhKPfEIeY3B-yfPSooMc,fmcjna
https://drive.google.com/uc?id=1rd4xFtTGNNFAzXhT44YZB6sKB-JeNm7-,fjnbjb
https://drive.google.com/uc?id=1Cy5HUpPjdaJuKtZ14H3Pl-gDxO0DtpPb,fidedm
https://drive.google.com/uc?id=1KAtDSTKuzKjno4SGClwyx_kEGkFX0FJr,fhpiek
https://drive.google.com/uc?id=1GhvMvojJZpxEjblEy2IvUW3L6qQRLwBs,fhbhpi
https://drive.google.com/uc?id=1caYF78EW9l0YJNvkHKQr-cKVjw2qzWQ0,fhamja
https://drive.google.com/uc?id=1ZGoBzWPsniewRnbuvSxbWbg58zNVtE8j,ffonik
https://drive.google.com/uc?id=17S_V5tJNmERFPnpBO9Shu1L2J5hAAKER,fekadm
https://drive.google.com/uc?id=1UtmNXPhrCTccYJUMk-rYw58kizx3TE1_,fcpifb
https://drive.google.com/uc?id=1i8HulbevXo85Qj6D-Zd2sh7kkC_bEAey,fcljle
https://drive.google.com/uc?id=1kHLXz1BIAChVIFzw1wDddYoraPMa32Lf,fcdmnp
https://drive.google.com/uc?id=128Nku2MS1gEj_Oa4XkVcZso-uY8zJBGA,enoced
https://drive.google.com/uc?id=1ORl3S-w563-L5BZacX1fuT7k1_7n8DAt,ennkhh
https://drive.google.com/uc?id=1tWxS9rLtShqZ4q6pjVe1-CDPedzOoMm-,enlklo
https://drive.google.com/uc?id=1KzXj7FNQsC-SMMMbvuKnbze_CvsNedwF,emcbdh
https://drive.google.com/uc?id=1qEXPSkQZRnSx2ilfbL0z77dOWyiCyxHc,ekgpdl
https://drive.google.com/uc?id=1s0BouSWZsq0Z8rBMCFvBVJGFQGgux-6p,ekgdlh
https://drive.google.com/uc?id=1OWGRKyCQ5tvoOMAoFbI6LQCw5q_aFtie,ejfeej
https://drive.google.com/uc?id=1_qQ7-aRaTQxdAVOp0l2giWA7sPS-Tfk7,eijdlm
https://drive.google.com/uc?id=1xr7csGkAFKyKcC-XJdXHZVY0N3LL9ft8,ehobbm
https://drive.google.com/uc?id=1IeYdiAAO8XgOPJcFevXQTYOtZtcFzrg4,egdjod
https://drive.google.com/uc?id=1xbEZjqAK-zDrr3R0oBNp0FGDibQ1pwku,efogim
https://drive.google.com/uc?id=1owns88M2v9hjuYjeCRwxwHOFx2MakG2B,eeclcj
https://drive.google.com/uc?id=1zjCiVnzHAKvlipVp_gP1UKHtQuz7_MiN,edmejj
https://drive.google.com/uc?id=1nz54S1n-djtJNXC3wprWfYVGBrm02fd6,eboecc
https://drive.google.com/uc?id=1gj7MC7QKbmzodnxpnTJ20XupAQ3be7a-,ebcnnc
https://drive.google.com/uc?id=1KarasIbqeKjKrHXOY09Ha9X9ucLBGy6a,ebbmha
https://drive.google.com/uc?id=1mct6xj7wADKO0PZLiD7I9RzaiirexcvB,dpjioo
https://drive.google.com/uc?id=1gFhck7pWs4aQJROo8zNkimzcC6wNkL2T,dpbmcn
https://drive.google.com/uc?id=1C-a5PNVYrSBiIUlkFNVV_59ZKwpV3ET4,dneloh
https://drive.google.com/uc?id=1aVlBs7Txp5x6_XMKURxOuWLTAcOTR3WD,dkjcde
https://drive.google.com/uc?id=1Q7AdWcKwskPalBc54dvQuVzI48xqWA4c,dhldim
https://drive.google.com/uc?id=1CcoO4tBgb_ElDZRHAMz8vRK4eCO9r8z0,dgjngm
https://drive.google.com/uc?id=1WxGEZNe-NXnadHg4AWKO_4aAYMZQqVyL,deoelo
https://drive.google.com/uc?id=1OPMjtmC7g644lyYx5tyL7n745T6LDWDX,ddlkmm
https://drive.google.com/uc?id=1jUOBq1UiQ6xlIV58q47BZIY9pa0E2OSL,ddlcfc
https://drive.google.com/uc?id=1VrRrRbXnC4cg7WvHla-1ThurfnAMPWyu,ddglpc
https://drive.google.com/uc?id=1SWA8zT9Q6ckwrnTiBXM6uUoPt2PG1nrq,coengg
https://drive.google.com/uc?id=13onDem-CarCQSc1chcY2ZWcwKmqOkz9g,cnmpbk
https://drive.google.com/uc?id=1KRK_Jt7Mts2u7fZO7E8oVsxtm04EEzmr,cmmfaj
https://drive.google.com/uc?id=1DTQf3d8IzNBfbkysDBcTRpVW84poavOc,cmbolo
https://drive.google.com/uc?id=19xvRMHRfuwj16Ta0XJ-7xZTSZbVCMujq,clgjpd
https://drive.google.com/uc?id=1l7h6GvnM2tOBUOTAoItG4HN0l6CZ_6s5,cihomn
https://drive.google.com/uc?id=1CZSn_MS3ZbQij7nHf4A04hcZNLOYw72J,chjbob
https://drive.google.com/uc?id=10EHCYhnmbg0c3BdR_rPVssI5dx8t7km4,cdaiii
https://drive.google.com/uc?id=1afDsh3IQF1-t1Sx6u8wqnnZxspqnAETQ,cbbjea
https://drive.google.com/uc?id=1P2nNutJL2A6pg9noLo8xydZa1A46kyeq,cakhhg
https://drive.google.com/uc?id=1tdnYXxNSxfcMUpBEiafNlDBFoLRimYc1,bpdmcc
https://drive.google.com/uc?id=1YJ_svO33cXKh1YodU78TW9VFRUivm1IX,bmdfom
https://drive.google.com/uc?id=18xsL7KVW4W8VTA3SEKwOUOPF9UlxKFyW,bmcbnl
https://drive.google.com/uc?id=1zYA4ZBGlytOicyfY6g_8WOmqsBMMpw41,bkkhji
https://drive.google.com/uc?id=1ja7zotoTrE8hZl8qGqTsiQR1cpamiP0J,bkiblb
https://drive.google.com/uc?id=1h9lotfdNLC4OO76pKBdqWEOrYKKgikcO,bibonk
https://drive.google.com/uc?id=1j4F01UENEGqO3jyx5ZCB8Um9aonsZn_y,bheamp
https://drive.google.com/uc?id=1toSBifl0UkifxJfhatjTFpajJLiIzCDo,bcoopd
https://drive.google.com/uc?id=1vxfcg__LpyDsnJXqVTpKjOPIXotckLJm,apiohd
https://drive.google.com/uc?id=1MWAUkFj_N2Jq46zcBkxHoGGYRCTKju50,apddok
https://drive.google.com/uc?id=1N5aLt0yiIFJj7ueJ3sLUn9-mNE2N7MvY,aocpfd
https://drive.google.com/uc?id=1yKyCbGIlkL4FD3y9YJD-0-VnT19E6xcU,akmiih
https://drive.google.com/uc?id=1xI7klmGSHzWXnhg_yuMpxt1MqbISlSD9,ajikon
https://drive.google.com/uc?id=1NdPaB1SovzvaPQp7Nm7rh_EBvH24dLhJ,ajbjdp
https://drive.google.com/uc?id=1_xnqQ7rgq5zFJyxsWP2fTl8UoPj1SR6l,ahkjig
https://drive.google.com/uc?id=1N-H8G88tzLUJH1prRCAvM3aL_-31G-fN,aegmpf
https://drive.google.com/uc?id=1D_G5vTtHBY6Vb-AITz8cmomNoZ98IuQN,adcmhj
https://drive.google.com/uc?id=1s96KaLdAkv2gJ2Nb0--AI9Q-S07NsmhB,acipag
https://drive.google.com/uc?id=1Vj1grVQRk_9BFDhIowdRP322ajwh1HwE,achlcj
https://drive.google.com/uc?id=1KucO2bjk1IVUu655RsWtYIKN9TOHsg_2,abokgn
